amostra_id,idade_label,real,previsto
0,12 h,0.0,-21.70388418113106
0,1 dia,30.0,27.74038228359808
0,3 dias,50.0,76.52464238711909
0,7 dias,180.0,125.53201151502438
0,14 dias,360.0,125.44958374785156
0,28 dias,590.0,224.99166211483316
0,56 dias,760.0,348.86246038622335
1,12 h,0.0,113.04217445631896
1,1 dia,40.0,161.26264085291123
1,3 dias,80.0,211.9862330579856
1,7 dias,120.0,258.541331137199
1,14 dias,30.0,244.49117004200957
1,28 dias,250.0,343.28426094487986
1,56 dias,500.0,473.27056841643537
2,12 h,10.0,-38.12657383034937
2,1 dia,0.0,16.209105685772784
2,3 dias,10.0,59.810816556017684
2,7 dias,30.0,104.71208002312616
2,14 dias,160.0,100.80727670207716
2,28 dias,310.0,198.46529595925938
2,56 dias,420.0,323.78133447362404
3,12 h,0.0,-11.581282330072241
3,1 dia,30.0,37.86298413465693
3,3 dias,60.0,86.64724423817793
3,7 dias,120.0,135.65461336608323
3,14 dias,240.0,135.5721855989104
3,28 dias,300.0,235.11426396589198
3,56 dias,410.0,358.98506223728225
4,12 h,0.0,-33.62138228477701
4,1 dia,30.0,14.599084111815245
4,3 dias,60.0,65.32267631688958
4,7 dias,100.0,111.87777439610299
4,14 dias,110.0,97.82761330091355
4,28 dias,290.0,196.62070420378382
4,56 dias,400.0,326.6070116753393
5,12 h,0.0,-8.357696908422156
5,1 dia,40.0,45.97798260769994
5,3 dias,100.0,89.57969347794486
5,7 dias,450.0,134.48095694505335
5,14 dias,560.0,130.57615362400435
5,28 dias,870.0,228.23417288118657
5,56 dias,1000.0,353.5502113955513
6,12 h,0.0,34.99394588909118
6,1 dia,50.0,84.43821235382038
6,3 dias,130.0,133.22247245734135
6,7 dias,290.0,182.22984158524665
6,14 dias,450.0,182.1474138180738
6,28 dias,580.0,281.6894921850554
6,56 dias,760.0,405.5602904564457
7,12 h,0.0,-16.002850714821733
7,1 dia,110.0,32.21761568177058
7,3 dias,190.0,82.94120788684492
7,7 dias,220.0,129.49630596605832
7,14 dias,40.0,115.44614487086888
7,28 dias,270.0,214.23923577373915
7,56 dias,390.0,344.22554324529466
8,12 h,0.0,-8.357696908422156
8,1 dia,90.0,45.97798260769994
8,3 dias,250.0,89.57969347794486
8,7 dias,370.0,134.48095694505335
8,14 dias,500.0,130.57615362400435
8,28 dias,580.0,228.23417288118657
8,56 dias,740.0,353.5502113955513
9,12 h,0.0,-16.13413538430237
9,1 dia,70.0,33.310131080426856
9,3 dias,150.0,82.0943911839478
9,7 dias,170.0,131.1017603118531
9,14 dias,60.0,131.01933254468028
9,28 dias,260.0,230.56141091166188
9,56 dias,270.0,354.4322091830521
10,12 h,0.0,50.43674299738561
10,1 dia,40.0,98.6572093939779
10,3 dias,120.0,149.38080159905223
10,7 dias,170.0,195.93589967826563
10,14 dias,380.0,181.8857385830762
10,28 dias,550.0,280.67882948594644
10,56 dias,660.0,410.665136957502
11,12 h,0.0,-69.52660044044075
11,1 dia,10.0,-15.190920924318618
11,3 dias,20.0,28.410789945926297
11,7 dias,50.0,73.31205341303475
11,14 dias,100.0,69.40725009198576
11,28 dias,220.0,167.065269349168
11,56 dias,380.0,292.38130786353264
12,12 h,0.0,90.59135175163793
12,1 dia,50.0,140.0356182163671
12,3 dias,150.0,188.8198783198881
12,7 dias,270.0,237.82724744779338
12,14 dias,370.0,237.74481968062057
12,28 dias,480.0,337.2868980476021
12,56 dias,650.0,461.1576963189924
13,12 h,10.0,-11.801822037451075
13,1 dia,0.0,36.41864435914121
13,3 dias,20.0,87.14223656421555
13,7 dias,20.0,133.69733464342897
13,14 dias,180.0,119.64717354823952
13,28 dias,250.0,218.44026445110978
13,56 dias,370.0,348.4265719226653
14,12 h,0.0,-19.851575092032732
14,1 dia,60.0,34.48410442408942
14,3 dias,180.0,78.08581529433434
14,7 dias,300.0,122.98707876144285
14,14 dias,400.0,119.0822754403938
14,28 dias,530.0,216.74029469757608
14,56 dias,630.0,342.05633321194074
15,12 h,0.0,-12.815251157709895
15,1 dia,30.0,36.629015307019245
15,3 dias,70.0,85.41327541054028
15,7 dias,110.0,134.42064453844554
15,14 dias,20.0,134.33821677127276
15,28 dias,140.0,233.88029513825433
15,56 dias,370.0,357.75109340964457
16,12 h,0.0,-19.433915370047686
16,1 dia,60.0,28.786551026544572
16,3 dias,180.0,79.51014323161891
16,7 dias,300.0,126.06524131083233
16,14 dias,400.0,112.01508021564288
16,28 dias,530.0,210.80817111851314
16,56 dias,630.0,340.79447859006865
17,12 h,0.0,-47.232943471444116
17,1 dia,20.0,7.102736044678068
17,3 dias,40.0,50.704446914922954
17,7 dias,90.0,95.60571038203143
17,14 dias,30.0,91.70090706098244
17,28 dias,140.0,189.35892631816466
17,56 dias,360.0,314.6749648325293
18,12 h,0.0,48.82033966638727
18,1 dia,60.0,98.26460613111644
18,3 dias,100.0,147.04886623463744
18,7 dias,20.0,196.05623536254274
18,14 dias,130.0,195.97380759536992
18,28 dias,240.0,295.5158859623515
18,56 dias,360.0,419.3866842337418
19,12 h,0.0,-17.52225502849322
19,1 dia,30.0,30.698211368099038
19,3 dias,60.0,81.4218035731734
19,7 dias,100.0,127.97690165238681
19,14 dias,50.0,113.92674055719736
19,28 dias,190.0,212.7198314600676
19,56 dias,360.0,342.7061389316232
20,12 h,0.0,-31.29786545639422
20,1 dia,20.0,23.037814059727964
20,3 dias,60.0,66.63952492997286
20,7 dias,120.0,111.54078839708134
20,14 dias,20.0,107.63598507603233
20,28 dias,210.0,205.29400433321456
20,56 dias,360.0,330.6100428475792
21,12 h,0.0,20.56592027517337
21,1 dia,70.0,70.01018673990254
21,3 dias,160.0,118.79444684342357
21,7 dias,290.0,167.80181597132884
21,14 dias,380.0,167.71938820415602
21,28 dias,500.0,267.2614665711376
21,56 dias,620.0,391.1322648425278
22,12 h,0.0,-5.136519555753694
22,1 dia,60.0,43.08394684083859
22,3 dias,130.0,93.80753904591293
22,7 dias,250.0,140.36263712512635
22,14 dias,370.0,126.3124760299369
22,28 dias,480.0,225.10556693280716
22,56 dias,590.0,355.0918744043627
23,12 h,0.0,-20.149322527523623
23,1 dia,20.0,34.18635698859856
23,3 dias,70.0,77.78806785884343
23,7 dias,100.0,122.68933132595193
23,14 dias,200.0,118.78452800490288
23,28 dias,460.0,216.44254726208516
23,56 dias,580.0,341.7585857764499
24,12 h,0.0,40.84436044475285
24,1 dia,10.0,90.28862690948202
24,3 dias,20.0,139.072887013003
24,7 dias,40.0,188.0802561409083
24,14 dias,120.0,187.99782837373547
24,28 dias,240.0,287.5399067407171
24,56 dias,360.0,411.4107050121073
25,12 h,0.0,-14.82233997964002
25,1 dia,20.0,33.39812641695224
25,3 dias,70.0,84.12171862202663
25,7 dias,100.0,130.67681670124003
25,14 dias,50.0,116.62665560605058
25,28 dias,190.0,215.4197465089208
25,56 dias,360.0,345.4060539804764
26,12 h,0.0,122.16862774593868
26,1 dia,50.0,176.50430726206082
26,3 dias,120.0,220.10601813230573
26,7 dias,190.0,265.0072815994142
26,14 dias,310.0,261.1024782783652
26,28 dias,430.0,358.7604975355474
26,56 dias,580.0,484.07653604991214
27,12 h,0.0,5.702993901632766
27,1 dia,0.0,55.147260366361934
27,3 dias,10.0,103.93152046988294
27,7 dias,10.0,152.9388895977882
27,14 dias,110.0,152.8564618306154
27,28 dias,200.0,252.39854019759696
27,56 dias,350.0,376.2693384689872
28,12 h,0.0,-32.77594671664522
28,1 dia,20.0,15.444519679947035
28,3 dias,50.0,66.16811188502137
28,7 dias,80.0,112.72320996423481
28,14 dias,60.0,98.67304886904535
28,28 dias,200.0,197.4661397719156
28,56 dias,350.0,327.45244724347117
29,12 h,0.0,39.5645018999229
29,1 dia,100.0,93.90018141604507
29,3 dias,140.0,137.50189228629
29,7 dias,180.0,182.40315575339847
29,14 dias,310.0,178.49835243234946
29,28 dias,390.0,276.1563716895317
29,56 dias,560.0,401.47241020389635
30,12 h,0.0,-23.310086780897365
30,1 dia,20.0,26.13417968383186
30,3 dias,40.0,74.91843978735284
30,7 dias,70.0,123.92580891525807
30,14 dias,100.0,123.84338114808529
30,28 dias,230.0,223.38545951506686
30,56 dias,350.0,347.2562577864571
31,12 h,0.0,8.469723745593427
31,1 dia,60.0,56.69019014218571
31,3 dias,120.0,107.41378234726005
31,7 dias,180.0,153.96888042647348
31,14 dias,270.0,139.91871933128402
31,28 dias,380.0,238.7118102341543
31,56 dias,500.0,368.6981177057098
32,12 h,0.0,4.79303678620721
32,1 dia,70.0,59.128716302329366
32,3 dias,120.0,102.73042717257428
32,7 dias,170.0,147.63169063968274
32,14 dias,50.0,143.72688731863374
32,28 dias,240.0,241.38490657581596
32,56 dias,380.0,366.70094509018065
33,12 h,0.0,16.20495692211759
33,1 dia,30.0,65.64922338684676
33,3 dias,70.0,114.43348349036776
33,7 dias,80.0,163.44085261827303
33,14 dias,90.0,163.3584248511002
33,28 dias,280.0,262.9005032180818
33,56 dias,490.0,386.7713014894721
34,12 h,0.0,-40.22477353474548
34,1 dia,20.0,7.995692861846777
34,3 dias,50.0,58.719285066921145
34,7 dias,90.0,105.27438314613457
34,14 dias,40.0,91.22422205094512
34,28 dias,160.0,190.01731295381535
34,56 dias,350.0,320.00362042537085
35,12 h,0.0,44.804510644201
35,1 dia,70.0,99.14019016032316
35,3 dias,110.0,142.74190103056804
35,7 dias,170.0,187.64316449767654
35,14 dias,220.0,183.73836117662754
35,28 dias,340.0,281.3963804338098
35,56 dias,490.0,406.71241894817445
36,12 h,0.0,-51.96069768869063
36,1 dia,10.0,-2.516431223961405
36,3 dias,50.0,46.267828879559545
36,7 dias,90.0,95.27519800746484
36,14 dias,50.0,95.19277024029203
36,28 dias,180.0,194.73484860727362
36,56 dias,350.0,318.60564687866383
37,12 h,0.0,1.6078631233619092
37,1 dia,90.0,49.82832951995417
37,3 dias,30.0,100.5519217250285
37,7 dias,10.0,147.10701980424193
37,14 dias,150.0,133.05685870905248
37,28 dias,370.0,231.84994961192274
37,56 dias,490.0,361.8362570834783
38,12 h,0.0,-27.611241320605984
38,1 dia,30.0,26.724438195516143
38,3 dias,60.0,70.32614906576106
38,7 dias,100.0,115.22741253286954
38,14 dias,150.0,111.32260921182053
38,28 dias,220.0,208.98062846900274
38,56 dias,350.0,334.2966669833674
39,12 h,0.0,40.78709642956625
39,1 dia,90.0,90.23136289429547
39,3 dias,120.0,139.01562299781642
39,7 dias,160.0,188.02299212572171
39,14 dias,210.0,187.9405643585489
39,28 dias,360.0,287.48264272553047
39,56 dias,490.0,411.35344099692077
40,12 h,0.0,-34.79837817919278
40,1 dia,50.0,13.422088217399448
40,3 dias,80.0,64.14568042247376
40,7 dias,130.0,110.70077850168721
40,14 dias,30.0,96.65061740649776
40,28 dias,120.0,195.44370830936802
40,56 dias,340.0,325.43001578092355
41,12 h,0.0,-0.5567075693012384
41,1 dia,20.0,53.77897194682089
41,3 dias,60.0,97.38068281706582
41,7 dias,90.0,142.2819462841743
41,14 dias,20.0,138.3771429631253
41,28 dias,150.0,236.03516222030748
41,56 dias,340.0,361.35120073467215
42,12 h,0.0,8.84554005974536
42,1 dia,40.0,58.28980652447456
42,3 dias,100.0,107.07406662799553
42,7 dias,110.0,156.08143575590083
42,14 dias,60.0,155.999007988728
42,28 dias,390.0,255.54108635570958
42,56 dias,480.0,379.4118846270998
43,12 h,0.0,58.220868181964505
43,1 dia,10.0,106.44133457855679
43,3 dias,40.0,157.16492678363113
43,7 dias,70.0,203.72002486284453
43,14 dias,70.0,189.66986376765507
43,28 dias,210.0,288.46295467052533
43,56 dias,340.0,418.4492621420809
44,12 h,0.0,41.58682835479246
44,1 dia,10.0,95.92250787091461
44,3 dias,10.0,139.52421874115953
44,7 dias,60.0,184.425482208268
44,14 dias,200.0,180.520678887219
44,28 dias,400.0,278.1786981444012
44,56 dias,480.0,403.4947366587659
45,12 h,0.0,-25.179368907638832
45,1 dia,160.0,24.264897557090336
45,3 dias,140.0,73.04915766061134
45,7 dias,110.0,122.0565267885166
45,14 dias,30.0,121.97409902134378
45,28 dias,220.0,221.51617738832536
45,56 dias,330.0,345.3869756597156
46,12 h,0.0,22.116868281316982
46,1 dia,50.0,70.33733467790924
46,3 dias,100.0,121.06092688298358
46,7 dias,160.0,167.616024962197
46,14 dias,250.0,153.56586386700755
46,28 dias,350.0,252.3589547698778
46,56 dias,480.0,382.3452622414334
47,12 h,0.0,-24.80218480700495
47,1 dia,40.0,29.533494709117235
47,3 dias,80.0,73.13520557936214
47,7 dias,110.0,118.03646904647061
47,14 dias,50.0,114.1316657254216
47,28 dias,140.0,211.78968498260383
47,56 dias,330.0,337.1057234969685
48,12 h,0.0,14.935431372116625
48,1 dia,120.0,64.37969783684582
48,3 dias,150.0,113.16395794036681
48,7 dias,180.0,162.17132706827206
48,14 dias,250.0,162.08889930109927
48,28 dias,300.0,261.63097766808085
48,56 dias,470.0,385.5017759394711
49,12 h,0.0,-26.51749209049038
49,1 dia,30.0,21.702974306101908
49,3 dias,60.0,72.42656651117625
49,7 dias,90.0,118.9816645903897
49,14 dias,30.0,104.93150349520022
49,28 dias,160.0,203.72459439807048
49,56 dias,330.0,333.710901869626
50,12 h,0.0,59.392558929911644
50,1 dia,120.0,113.7282384460338
50,3 dias,150.0,157.32994931627871
50,7 dias,180.0,202.2312127833872
50,14 dias,250.0,198.32640946233818
50,28 dias,300.0,295.98442871952045
50,56 dias,470.0,421.3004672338851
51,12 h,0.0,-20.461420874154072
51,1 dia,40.0,28.982845590575096
51,3 dias,90.0,77.76710569409607
51,7 dias,130.0,126.77447482200131
51,14 dias,60.0,126.69204705482855
51,28 dias,190.0,226.2341254218101
51,56 dias,330.0,350.10492369320036
52,12 h,0.0,94.62502494663076
52,1 dia,60.0,142.84549134322305
52,3 dias,120.0,193.56908354829739
52,7 dias,170.0,240.12418162751078
52,14 dias,280.0,226.07402053232136
52,28 dias,350.0,324.86711143519165
52,56 dias,470.0,454.85341890674715
53,12 h,0.0,-18.44473158667637
53,1 dia,20.0,35.890947929445815
53,3 dias,60.0,79.49265879969073
53,7 dias,100.0,124.39392226679922
53,14 dias,40.0,120.4891189457502
53,28 dias,130.0,218.14713820293244
53,56 dias,330.0,343.4631767172971
54,12 h,0.0,243.2417933694572
54,1 dia,0.0,292.6860598341864
54,3 dias,10.0,341.4703199377074
54,7 dias,20.0,390.4776890656127
54,14 dias,140.0,390.3952612984399
54,28 dias,290.0,489.9373396654215
54,56 dias,470.0,613.8081379368117
55,12 h,0.0,-48.40462148053993
55,1 dia,30.0,-0.18415508394767244
55,3 dias,60.0,50.53943712112667
55,7 dias,100.0,97.09453520034006
55,14 dias,60.0,83.04437410515064
55,28 dias,180.0,181.83746500802087
55,56 dias,330.0,311.8237724795764
56,12 h,0.0,82.42993694016286
56,1 dia,50.0,136.76561645628502
56,3 dias,100.0,180.36732732652996
56,7 dias,160.0,225.26859079363842
56,14 dias,250.0,221.36378747258942
56,28 dias,360.0,319.02180672977164
56,56 dias,470.0,444.3378452441363
57,12 h,0.0,-58.505721097839285
57,1 dia,30.0,-9.061454633110088
57,3 dias,70.0,39.72280547041086
57,7 dias,110.0,88.73017459831613
57,14 dias,20.0,88.64774683114334
57,28 dias,190.0,188.1898251981249
57,56 dias,330.0,312.0606234695151
58,12 h,0.0,1.7554247470934854
58,1 dia,30.0,49.97589114368577
58,3 dias,70.0,100.69948334876011
58,7 dias,120.0,147.25458142797353
58,14 dias,90.0,133.20442033278408
58,28 dias,200.0,231.99751123565437
58,56 dias,320.0,361.9838187072099
59,12 h,0.0,35.82237770182263
59,1 dia,40.0,90.15805721794479
59,3 dias,90.0,133.7597680881897
59,7 dias,110.0,178.66103155529817
59,14 dias,80.0,174.75622823424914
59,28 dias,360.0,272.41424749143135
59,56 dias,460.0,397.7302860057961
60,12 h,0.0,10.924624256844567
60,1 dia,60.0,60.36889072157376
60,3 dias,120.0,109.15315082509474
60,7 dias,170.0,158.160519953
60,14 dias,210.0,158.07809218582722
60,28 dias,340.0,257.6201705528088
60,56 dias,460.0,381.49096882419906
61,12 h,0.0,15.721815094243112
61,1 dia,40.0,63.9422814908354
61,3 dias,80.0,114.66587369590972
61,7 dias,160.0,161.22097177512313
61,14 dias,230.0,147.17081067993368
61,28 dias,340.0,245.96390158280394
61,56 dias,460.0,375.9502090543595
62,12 h,0.0,-7.965159698794025
62,1 dia,50.0,46.37051981732813
62,3 dias,50.0,89.97223068757305
62,7 dias,10.0,134.8734941546815
62,14 dias,130.0,130.9686908336325
62,28 dias,280.0,228.62671009081475
62,56 dias,320.0,353.9427486051794
63,12 h,0.0,-29.881840972793157
63,1 dia,30.0,19.56242549193604
63,3 dias,80.0,68.34668559545699
63,7 dias,140.0,117.35405472336225
63,14 dias,30.0,117.27162695618944
63,28 dias,130.0,216.81370532317104
63,56 dias,320.0,340.68450359456125
64,12 h,0.0,18.545670383067858
64,1 dia,90.0,66.76613677966012
64,3 dias,140.0,117.48972898473446
64,7 dias,180.0,164.04482706394788
64,14 dias,240.0,149.99466596875843
64,28 dias,330.0,248.7877568716287
64,56 dias,450.0,378.77406434318425
65,12 h,0.0,-1.1085595928213934
65,1 dia,30.0,53.22711992330079
65,3 dias,60.0,96.8288307935457
65,7 dias,110.0,141.73009426065417
65,14 dias,10.0,137.8252909396052
65,28 dias,100.0,235.4833101967874
65,56 dias,320.0,360.79934871115205
66,12 h,0.0,-30.505539967680534
66,1 dia,40.0,18.93872649704869
66,3 dias,80.0,67.72298660056967
66,7 dias,120.0,116.73035572847493
66,14 dias,40.0,116.64792796130214
66,28 dias,160.0,216.1900063282837
66,56 dias,320.0,340.06080459967393
67,12 h,0.0,30.60082603028434
67,1 dia,50.0,78.8212924268766
67,3 dias,100.0,129.544884631951
67,7 dias,170.0,176.0999827111644
67,14 dias,260.0,162.04982161597493
67,28 dias,370.0,260.8429125188452
67,56 dias,450.0,390.8292199904007
68,12 h,0.0,-38.40142211063613
68,1 dia,20.0,15.934257405485994
68,3 dias,60.0,59.53596827573091
68,7 dias,100.0,104.43723174283939
68,14 dias,30.0,100.53242842179037
68,28 dias,160.0,198.19044767897262
68,56 dias,320.0,323.50648619333725
69,12 h,0.0,-3.7125962073952223
69,1 dia,50.0,45.731670257333946
69,3 dias,110.0,94.51593036085495
69,7 dias,160.0,143.52329948876024
69,14 dias,260.0,143.44087172158743
69,28 dias,350.0,242.982950088569
69,56 dias,450.0,366.85374835995924
70,12 h,0.0,-26.33299019859291
70,1 dia,20.0,21.887476197999348
70,3 dias,40.0,72.61106840307369
70,7 dias,90.0,119.16616648228711
70,14 dias,40.0,105.11600538709766
70,28 dias,180.0,203.90909628996792
70,56 dias,320.0,333.8954037615235
71,12 h,0.0,-17.42005667161689
71,1 dia,50.0,36.915622844505265
71,3 dias,110.0,80.51733371475018
71,7 dias,190.0,125.41859718185863
71,14 dias,260.0,121.51379386080964
71,28 dias,330.0,219.17181311799192
71,56 dias,450.0,344.4878516323565
72,12 h,0.0,-16.289162932942986
72,1 dia,60.0,33.15510353178618
72,3 dias,80.0,81.93936363530716
72,7 dias,120.0,130.94673276321242
72,14 dias,80.0,130.8643049960396
72,28 dias,220.0,230.4063833630212
72,56 dias,310.0,354.2771816344114
73,12 h,0.0,7.997872540425789
73,1 dia,30.0,56.218338937018046
73,3 dias,80.0,106.94193114209241
73,7 dias,110.0,153.49702922130584
73,14 dias,200.0,139.44686812611639
73,28 dias,320.0,238.23995902898665
73,56 dias,450.0,368.2262665005422
74,12 h,0.0,-9.75576367238736
74,1 dia,80.0,44.579915843734824
74,3 dias,120.0,88.18162671397974
74,7 dias,150.0,133.0828901810882
74,14 dias,50.0,129.1780868600392
74,28 dias,170.0,226.83610611722145
74,56 dias,310.0,352.1521446315861
75,12 h,0.0,-0.17434474374638853
75,1 dia,10.0,49.26992172098278
75,3 dias,30.0,98.05418182450373
75,7 dias,70.0,147.06155095240905
75,14 dias,150.0,146.97912318523623
75,28 dias,230.0,246.5212015522178
75,56 dias,310.0,370.39199982360805
76,12 h,0.0,2.4353693192115315
76,1 dia,60.0,50.65583571580382
76,3 dias,100.0,101.37942792087813
76,7 dias,150.0,147.93452600009155
76,14 dias,210.0,133.8843649049021
76,28 dias,300.0,232.67745580777236
76,56 dias,450.0,362.6637632793279
77,12 h,0.0,-1.3048205473765222
77,1 dia,30.0,53.03085896874566
77,3 dias,50.0,96.63256983899059
77,7 dias,90.0,141.53383330609904
77,14 dias,150.0,137.62902998505004
77,28 dias,200.0,235.28704924223229
77,56 dias,310.0,360.60308775659695
78,12 h,0.0,-29.70993015608684
78,1 dia,60.0,19.734336308642384
78,3 dias,90.0,68.51859641216336
78,7 dias,120.0,117.52596554006863
78,14 dias,30.0,117.44353777289581
78,28 dias,140.0,216.98561613987738
78,56 dias,310.0,340.8564144112676
79,12 h,0.0,-0.4101013829034912
79,1 dia,70.0,47.81036501368877
79,3 dias,90.0,98.5339572187631
79,7 dias,130.0,145.08905529797653
79,14 dias,200.0,131.03889420278708
79,28 dias,320.0,229.83198510565734
79,56 dias,440.0,359.8182925772129
80,12 h,0.0,31.20985998058063
80,1 dia,60.0,85.54553949670282
80,3 dias,80.0,129.14725036694767
80,7 dias,120.0,174.04851383405617
80,14 dias,80.0,170.14371051300714
80,28 dias,220.0,267.80172977018935
80,56 dias,310.0,393.1177682845541
81,12 h,0.0,-22.075692396528268
81,1 dia,40.0,27.368574068200957
81,3 dias,90.0,76.1528341717219
81,7 dias,120.0,125.16020329962717
81,14 dias,50.0,125.07777553245435
81,28 dias,130.0,224.61985389943595
81,56 dias,310.0,348.4906521708262
82,12 h,0.0,68.48922687454979
82,1 dia,90.0,116.70969327114204
82,3 dias,140.0,167.43328547621638
82,7 dias,210.0,213.9883835554298
82,14 dias,270.0,199.93822246024035
82,28 dias,320.0,298.73131336311064
82,56 dias,440.0,428.71762083466615
83,12 h,0.0,-17.95790426353244
83,1 dia,30.0,36.377775252589686
83,3 dias,90.0,79.97948612283462
83,7 dias,150.0,124.88074958994308
83,14 dias,10.0,120.97594626889408
83,28 dias,180.0,218.63396552607628
83,56 dias,310.0,343.95000404044094
84,12 h,0.0,56.208113793809275
84,1 dia,30.0,105.65238025853844
84,3 dias,70.0,154.4366403620594
84,7 dias,120.0,203.44400948996469
84,14 dias,50.0,203.36158172279187
84,28 dias,150.0,302.90366008977344
84,56 dias,310.0,426.77445836116374
85,12 h,0.0,4.778766926459724
85,1 dia,40.0,52.99923332305198
85,3 dias,90.0,103.72282552812635
85,7 dias,140.0,150.27792360733974
85,14 dias,220.0,136.22776251215032
85,28 dias,300.0,235.02085341502058
85,56 dias,440.0,365.0071608865761
86,12 h,0.0,-0.689308198581756
86,1 dia,40.0,53.64637131754034
86,3 dias,70.0,97.24808218778526
86,7 dias,90.0,142.14934565489375
86,14 dias,30.0,138.24454233384475
86,28 dias,150.0,235.90256159102697
86,56 dias,310.0,361.21860010539166
87,12 h,0.0,-36.70924755283403
87,1 dia,40.0,12.73501891189511
87,3 dias,110.0,61.51927901541609
87,7 dias,150.0,110.52664814332138
87,14 dias,0.0,110.44422037614856
87,28 dias,90.0,209.98629874313016
87,56 dias,300.0,333.8570970145204
88,12 h,0.0,8.469723745593427
88,1 dia,50.0,56.69019014218571
88,3 dias,90.0,107.41378234726005
88,7 dias,160.0,153.96888042647348
88,14 dias,200.0,139.91871933128402
88,28 dias,310.0,238.7118102341543
88,56 dias,440.0,368.6981177057098
89,12 h,0.0,-33.863922189341565
89,1 dia,40.0,20.47175732678062
89,3 dias,100.0,64.07346819702553
89,7 dias,150.0,108.97473166413401
89,14 dias,10.0,105.069928343085
89,28 dias,130.0,202.7279476002672
89,56 dias,300.0,328.0439861146319
90,12 h,0.0,16.95505048479629
90,1 dia,30.0,66.39931694952551
90,3 dias,70.0,115.18357705304649
90,7 dias,120.0,164.19094618095176
90,14 dias,190.0,164.10851841377894
90,28 dias,260.0,263.6505967807605
90,56 dias,440.0,387.52139505215075
91,12 h,0.0,-21.72975429769278
91,1 dia,30.0,26.490712098899536
91,3 dias,80.0,77.21430430397388
91,7 dias,110.0,123.76940238318727
91,14 dias,50.0,109.71924128799785
91,28 dias,160.0,208.5123321908681
91,56 dias,300.0,338.49863966242367
92,12 h,0.0,38.95228224428743
92,1 dia,30.0,93.28796176040954
92,3 dias,100.0,136.88967263065445
92,7 dias,150.0,181.79093609776294
92,14 dias,210.0,177.88613277671394
92,28 dias,290.0,275.5441520338962
92,56 dias,440.0,400.86019054826085
93,12 h,0.0,-31.11623535716228
93,1 dia,30.0,18.328031107566943
93,3 dias,70.0,67.11229121108792
93,7 dias,100.0,116.11966033899319
93,14 dias,70.0,116.03723257182037
93,28 dias,170.0,215.57931093880194
93,56 dias,300.0,339.4501092101922
94,12 h,0.0,3.242051449636108
94,1 dia,50.0,51.462517846228366
94,3 dias,100.0,102.18611005130273
94,7 dias,160.0,148.74120813051616
94,14 dias,260.0,134.69104703532668
94,28 dias,340.0,233.48413793819697
94,56 dias,440.0,363.47044540975253
95,12 h,0.0,-36.50271300281992
95,1 dia,20.0,17.83296651330221
95,3 dias,80.0,61.4346773835471
95,7 dias,120.0,106.33594085065558
95,14 dias,20.0,102.43113752960656
95,28 dias,120.0,200.0891567867888
95,56 dias,300.0,325.40519530115347
96,12 h,0.0,2.642683221618654
96,1 dia,90.0,52.08694968634785
96,3 dias,140.0,100.87120978986886
96,7 dias,160.0,149.87857891777412
96,14 dias,50.0,149.7961511506013
96,28 dias,160.0,249.33822951758287
96,56 dias,290.0,373.2090277889731
97,12 h,0.0,32.43247527056121
97,1 dia,80.0,80.6529416671535
97,3 dias,50.0,131.37653387222784
97,7 dias,100.0,177.93163195144123
97,14 dias,170.0,163.8814708562518
97,28 dias,230.0,262.67456175912207
97,56 dias,290.0,392.6608692306776
98,12 h,0.0,95.57907117220913
98,1 dia,50.0,149.91475068833128
98,3 dias,120.0,193.51646155857617
98,7 dias,180.0,238.41772502568466
98,14 dias,220.0,234.51292170463566
98,28 dias,350.0,332.1709409618179
98,56 dias,440.0,457.4869794761826
99,12 h,0.0,-35.61750100944121
99,1 dia,40.0,13.826765455288012
99,3 dias,80.0,62.61102555880896
99,7 dias,130.0,111.61839468671425
99,14 dias,60.0,111.53596691954144
99,28 dias,170.0,211.078045286523
99,56 dias,290.0,334.9488435579133
100,12 h,0.0,2.5124110845979146
100,1 dia,40.0,50.73287748119017
100,3 dias,70.0,101.45646968626457
100,7 dias,120.0,148.01156776547796
100,14 dias,210.0,133.9614066702885
100,28 dias,330.0,232.75449757315877
100,56 dias,440.0,362.7408050447143
101,12 h,0.0,-33.863922189341565
101,1 dia,50.0,20.47175732678062
101,3 dias,100.0,64.07346819702553
101,7 dias,160.0,108.97473166413401
101,14 dias,10.0,105.069928343085
101,28 dias,130.0,202.7279476002672
101,56 dias,290.0,328.0439861146319
102,12 h,0.0,-29.26668616782834
102,1 dia,60.0,20.177580296900828
102,3 dias,110.0,68.9618404004218
102,7 dias,160.0,117.96920952832707
102,14 dias,10.0,117.88678176115425
102,28 dias,140.0,217.42886012813585
102,56 dias,290.0,341.2996583995261
103,12 h,0.0,-22.36234088700084
103,1 dia,60.0,25.858125509591417
103,3 dias,120.0,76.58171771466581
103,7 dias,160.0,123.13681579387921
103,14 dias,260.0,109.08665469868976
103,28 dias,350.0,207.87974560156002
103,56 dias,430.0,337.86605307311555
104,12 h,0.0,-15.507122284300834
104,1 dia,50.0,38.82855723182135
104,3 dias,80.0,82.43026810206626
104,7 dias,110.0,127.33153156917474
104,14 dias,30.0,123.42672824812573
104,28 dias,150.0,221.08474750530794
104,56 dias,290.0,346.40078601967264
105,12 h,0.0,-37.89301224530638
105,1 dia,30.0,11.551254219422788
105,3 dias,90.0,60.335514322943766
105,7 dias,110.0,109.34288345084906
105,14 dias,30.0,109.26045568367624
105,28 dias,130.0,208.80253405065784
105,56 dias,290.0,332.67333232204805
106,12 h,0.0,-16.456081508963166
106,1 dia,50.0,31.76438488762912
106,3 dias,90.0,82.48797709270346
106,7 dias,170.0,129.04307517191688
106,14 dias,240.0,114.99291407672742
106,28 dias,360.0,213.7860049795977
106,56 dias,430.0,343.7723124511532
107,12 h,0.0,7.371610519272622
107,1 dia,20.0,61.70729003539472
107,3 dias,50.0,105.30900090563966
107,7 dias,80.0,150.21026437274813
107,14 dias,50.0,146.30546105169913
107,28 dias,150.0,243.96348030888134
107,56 dias,360.0,369.279518823246
108,12 h,0.0,-39.262875528462416
108,1 dia,60.0,10.181390936266752
108,3 dias,110.0,58.96565103978773
108,7 dias,160.0,107.973020167693
108,14 dias,10.0,107.89059240052018
108,28 dias,140.0,207.43267076750178
108,56 dias,290.0,331.303469038892
109,12 h,0.0,21.466060107905577
109,1 dia,70.0,69.68652650449783
109,3 dias,110.0,120.41011870957219
109,7 dias,180.0,166.96521678878563
109,14 dias,260.0,152.91505569359617
109,28 dias,340.0,251.70814659646643
109,56 dias,430.0,381.69445406802197
110,12 h,0.0,7.239009889992076
110,1 dia,10.0,61.57468940611419
110,3 dias,30.0,105.1764002763591
110,7 dias,60.0,150.07766374346758
110,14 dias,50.0,146.17286042241858
110,28 dias,170.0,243.8308796796008
110,56 dias,390.0,369.14691819396546
111,12 h,0.0,-7.610223884515165
111,1 dia,50.0,41.83404258021403
111,3 dias,90.0,90.61830268373501
111,7 dias,120.0,139.6256718116403
111,14 dias,20.0,139.54324404446749
111,28 dias,120.0,239.08532241144906
111,56 dias,290.0,362.9561206828393
112,12 h,0.0,25.170954557496913
112,1 dia,50.0,73.39142095408917
112,3 dias,100.0,124.11501315916354
112,7 dias,140.0,170.67011123837693
112,14 dias,200.0,156.6199501431875
112,28 dias,280.0,255.41304104605774
112,56 dias,430.0,385.3993485176133
113,12 h,0.0,-17.72841484297959
113,1 dia,60.0,36.60726467314254
113,3 dias,110.0,80.20897554338747
113,7 dias,160.0,125.11023901049595
113,14 dias,0.0,121.20543568944693
113,28 dias,180.0,218.86345494662916
113,56 dias,290.0,344.1794934609938
114,12 h,0.0,11.219390448148289
114,1 dia,40.0,60.66365691287746
114,3 dias,80.0,109.44791701639845
114,7 dias,150.0,158.45528614430373
114,14 dias,230.0,158.3728583771309
114,28 dias,310.0,257.9149367441125
114,56 dias,430.0,381.7857350155027
115,12 h,0.0,-56.097677632165215
115,1 dia,60.0,-7.877211235572986
115,3 dias,120.0,42.84638096950138
115,7 dias,150.0,89.4014790487148
115,14 dias,10.0,75.35131795352535
115,28 dias,130.0,174.14440885639561
115,56 dias,290.0,304.1307163279512
116,12 h,0.0,25.598463474962244
116,1 dia,40.0,79.9341429910844
116,3 dias,90.0,123.53585386132931
116,7 dias,130.0,168.4371173284378
116,14 dias,190.0,164.53231400738878
116,28 dias,300.0,262.190333264571
116,56 dias,430.0,387.50637177893566
117,12 h,0.0,-26.361996069003283
117,1 dia,20.0,23.082270395725914
117,3 dias,60.0,71.86653049924689
117,7 dias,110.0,120.87389962715218
117,14 dias,20.0,120.79147185997938
117,28 dias,130.0,220.33355022696097
117,56 dias,290.0,344.20434849835124
118,12 h,0.0,-12.82957570737895
118,1 dia,40.0,35.39089068921331
118,3 dias,80.0,86.11448289428765
118,7 dias,140.0,132.66958097350107
118,14 dias,220.0,118.61941987831162
118,28 dias,300.0,217.41251078118188
118,56 dias,430.0,347.39881825273744
119,12 h,0.0,-69.7013105811101
119,1 dia,50.0,-15.365631064987952
119,3 dias,80.0,28.236079805256963
119,7 dias,120.0,73.13734327236544
119,14 dias,20.0,69.23253995131638
119,28 dias,110.0,166.89055920849864
119,56 dias,280.0,292.2065977228633
120,12 h,0.0,-6.570332296697984
120,1 dia,10.0,42.873934168031184
120,3 dias,40.0,91.65819427155219
120,7 dias,90.0,140.66556339945748
120,14 dias,70.0,140.58313563228467
120,28 dias,180.0,240.12521399926626
120,56 dias,310.0,363.9960122706565
121,12 h,0.0,4.800696286559145
121,1 dia,50.0,53.02116268315143
121,3 dias,100.0,103.7447548882258
121,7 dias,140.0,150.2998529674392
121,14 dias,220.0,136.24969187224974
121,28 dias,300.0,235.04278277512
121,56 dias,430.0,365.02909024667554
122,12 h,0.0,98.4990732196942
122,1 dia,40.0,152.83475273581638
122,3 dias,80.0,196.43646360606127
122,7 dias,120.0,241.33772707316976
122,14 dias,200.0,237.43292375212076
122,28 dias,290.0,335.090943009303
122,56 dias,420.0,460.4069815236677
123,12 h,0.0,-24.09531150920793
123,1 dia,140.0,25.348954955521265
123,3 dias,150.0,74.13321505904224
123,7 dias,150.0,123.1405841869475
123,14 dias,60.0,123.05815641977469
123,28 dias,170.0,222.6002347867563
123,56 dias,280.0,346.47103305814653
124,12 h,0.0,-37.633497436505564
124,1 dia,10.0,10.586968960086693
124,3 dias,30.0,61.31056116516106
124,7 dias,50.0,107.86565924437448
124,14 dias,140.0,93.815498149185
124,28 dias,270.0,192.60858905205527
124,56 dias,410.0,322.5948965236108
125,12 h,0.0,-23.064057120131167
125,1 dia,60.0,31.271622395991045
125,3 dias,110.0,74.87333326623593
125,7 dias,140.0,119.77459673334441
125,14 dias,20.0,115.86979341229541
125,28 dias,150.0,213.52781266947764
125,56 dias,280.0,338.8438511838423
126,12 h,0.0,-29.6790346428686
126,1 dia,10.0,19.76523182186054
126,3 dias,30.0,68.54949192538157
126,7 dias,50.0,117.55686105328687
126,14 dias,140.0,117.47443328611406
126,28 dias,270.0,217.01651165309568
126,56 dias,410.0,340.88730992448586
127,12 h,0.0,6.070935729879835
127,1 dia,70.0,54.29140212647212
127,3 dias,80.0,105.01499433154643
127,7 dias,110.0,151.57009241075986
127,14 dias,40.0,137.5199313155704
127,28 dias,170.0,236.31302221844066
127,56 dias,280.0,366.29932968999617
128,12 h,0.0,20.155190951373527
128,1 dia,50.0,74.49087046749571
128,3 dias,90.0,118.09258133774063
128,7 dias,140.0,162.9938448048491
128,14 dias,200.0,159.0890414838001
128,28 dias,310.0,256.7470607409823
128,56 dias,410.0,382.06309925534697
129,12 h,0.0,-37.51607873235176
129,1 dia,50.0,11.928187732377467
129,3 dias,100.0,60.712447835898445
129,7 dias,140.0,109.71981696380371
129,14 dias,10.0,109.63738919663089
129,28 dias,70.0,209.1794675636125
129,56 dias,280.0,333.05026583500273
130,12 h,0.0,-0.34592109741089416
130,1 dia,60.0,47.87454529918139
130,3 dias,90.0,98.59813750425573
130,7 dias,150.0,145.15323558346913
130,14 dias,190.0,131.1030744882797
130,28 dias,260.0,229.89616539114994
130,56 dias,410.0,359.8824728627055
131,12 h,0.0,-22.9359617284978
131,1 dia,50.0,31.399717787624354
131,3 dias,100.0,75.00142865786928
131,7 dias,130.0,119.90269212497776
131,14 dias,50.0,115.99788880392875
131,28 dias,160.0,213.655908061111
131,56 dias,280.0,338.9719465754756
132,12 h,0.0,6.50476024421755
132,1 dia,80.0,55.94902670894675
132,3 dias,130.0,104.73328681246772
132,7 dias,180.0,153.74065594037302
132,14 dias,220.0,153.6582281732002
132,28 dias,290.0,253.20030654018177
132,56 dias,410.0,377.071104811572
133,12 h,0.0,-22.068577819362332
133,1 dia,100.0,26.151888577229926
133,3 dias,90.0,76.87548078230427
133,7 dias,70.0,123.43057886151772
133,14 dias,90.0,109.38041776632826
133,28 dias,250.0,208.1735086691985
133,56 dias,280.0,338.15981614075406
134,12 h,0.0,5.647890916979065
134,1 dia,60.0,59.98357043310121
134,3 dias,110.0,103.58528130334611
134,7 dias,160.0,148.48654477045457
134,14 dias,200.0,144.58174144940557
134,28 dias,290.0,242.2397607065878
134,56 dias,410.0,367.5557992209525
135,12 h,0.0,1.225008726166493
135,1 dia,140.0,50.66927519089569
135,3 dias,150.0,99.45353529441665
135,7 dias,150.0,148.46090442232196
135,14 dias,60.0,148.37847665514914
135,28 dias,170.0,247.9205550221307
135,56 dias,280.0,371.79135329352096
136,12 h,0.0,-13.760024425320864
136,1 dia,60.0,34.46044197127142
136,3 dias,120.0,85.18403417634579
136,7 dias,150.0,131.73913225555918
136,14 dias,200.0,117.68897116036975
136,28 dias,260.0,216.48206206324
136,56 dias,410.0,346.46836953479556
137,12 h,0.0,-32.118036500559185
137,1 dia,20.0,22.217643015563
137,3 dias,60.0,65.8193538858079
137,7 dias,80.0,110.72061735291636
137,14 dias,60.0,106.81581403186738
137,28 dias,150.0,204.4738332890496
137,56 dias,280.0,329.78987180341426
138,12 h,0.0,10.127643904755416
138,1 dia,50.0,59.571910369484584
138,3 dias,90.0,108.35617047300559
138,7 dias,160.0,157.36353960091088
138,14 dias,200.0,157.28111183373807
138,28 dias,260.0,256.82319020071964
138,56 dias,410.0,380.6939884721099
139,12 h,0.0,-34.79837817919278
139,1 dia,40.0,13.422088217399448
139,3 dias,100.0,64.14568042247376
139,7 dias,140.0,110.70077850168721
139,14 dias,10.0,96.65061740649776
139,28 dias,80.0,195.44370830936802
139,56 dias,280.0,325.43001578092355
140,12 h,0.0,25.598463474962244
140,1 dia,50.0,79.9341429910844
140,3 dias,90.0,123.53585386132931
140,7 dias,160.0,168.4371173284378
140,14 dias,200.0,164.53231400738878
140,28 dias,260.0,262.190333264571
140,56 dias,410.0,387.50637177893566
141,12 h,0.0,-51.576055935523186
141,1 dia,40.0,-2.13178947079399
141,3 dias,70.0,46.65247063272696
141,7 dias,110.0,95.65983976063225
141,14 dias,20.0,95.57741199345945
141,28 dias,120.0,195.11949036044103
141,56 dias,280.0,318.9902886318313
142,12 h,0.0,7.616695850497166
142,1 dia,40.0,55.837162247089424
142,3 dias,90.0,106.56075445216376
142,7 dias,140.0,153.1158525313772
142,14 dias,210.0,139.06569143618773
142,28 dias,290.0,237.858782339058
142,56 dias,410.0,367.84508981061356
143,12 h,0.0,-34.28687149486797
143,1 dia,50.0,20.04880802125419
143,3 dias,90.0,63.650518891499104
143,7 dias,140.0,108.55178235860758
143,14 dias,0.0,104.64697903755857
143,28 dias,120.0,202.3049982947408
143,56 dias,280.0,327.6210368091055
144,12 h,0.0,8.52520291364408
144,1 dia,40.0,57.96946937837325
144,3 dias,90.0,106.75372948189423
144,7 dias,140.0,155.76109860979952
144,14 dias,210.0,155.6786708426267
144,28 dias,300.0,255.22074920960824
144,56 dias,410.0,379.0915474809985
145,12 h,0.0,-14.798044619254796
145,1 dia,120.0,33.42242177733746
145,3 dias,160.0,84.1460139824118
145,7 dias,200.0,130.70111206162525
145,14 dias,30.0,116.6509509664358
145,28 dias,150.0,215.44404186930603
145,56 dias,270.0,345.4303493408616
146,12 h,0.0,13.546308558421373
146,1 dia,30.0,67.88198807454353
146,3 dias,70.0,111.48369894478843
146,7 dias,110.0,156.3849624118969
146,14 dias,180.0,152.4801590908479
146,28 dias,270.0,250.13817834803012
146,56 dias,410.0,375.4542168623948
147,12 h,0.0,-29.870907674985972
147,1 dia,60.0,19.573358789743224
147,3 dias,100.0,68.3576188932642
147,7 dias,150.0,117.3649880211695
147,14 dias,30.0,117.28256025399668
147,28 dias,150.0,216.82463862097825
147,56 dias,270.0,340.6954368923685
148,12 h,0.0,7.217204082263436
148,1 dia,40.0,55.437670478855665
148,3 dias,90.0,106.16126268393003
148,7 dias,140.0,152.71636076314346
148,14 dias,210.0,138.666199667954
148,28 dias,290.0,237.45929057082427
148,56 dias,410.0,367.44559804237986
149,12 h,0.0,-27.25368685078223
149,1 dia,60.0,27.081992665339925
149,3 dias,110.0,70.68370353558484
149,7 dias,150.0,115.58496700269332
149,14 dias,50.0,111.6801636816443
149,28 dias,50.0,209.33818293882655
149,56 dias,270.0,334.6542214531912
150,12 h,0.0,7.914507524162275
150,1 dia,50.0,57.3587739888915
150,3 dias,100.0,106.14303409241249
150,7 dias,160.0,155.15040322031774
150,14 dias,240.0,155.06797545314492
150,28 dias,310.0,254.61005382012652
150,56 dias,410.0,378.4808520915168
151,12 h,0.0,49.430762458214105
151,1 dia,50.0,97.65122885480636
151,3 dias,110.0,148.37482105988067
151,7 dias,150.0,194.92991913909412
151,14 dias,30.0,180.87975804390467
151,28 dias,90.0,279.67284894677493
151,56 dias,270.0,409.6591564183305
152,12 h,0.0,46.43886019704064
152,1 dia,40.0,100.7745397131628
152,3 dias,90.0,144.3762505834077
152,7 dias,120.0,189.27751405051617
152,14 dias,180.0,185.37271072946717
152,28 dias,280.0,283.0307299866494
152,56 dias,400.0,408.3467685010141
153,12 h,0.0,-17.44205535327731
153,1 dia,50.0,32.00221111145191
153,3 dias,80.0,80.78647121497292
153,7 dias,130.0,129.79384034287818
153,14 dias,30.0,129.7114125757054
153,28 dias,100.0,229.25349094268697
153,56 dias,270.0,353.1242892140772
154,12 h,0.0,0.30071418819292717
154,1 dia,60.0,48.521180584785185
154,3 dias,110.0,99.24477278985952
154,7 dias,150.0,145.79987086907295
154,14 dias,200.0,131.7497097738835
154,28 dias,320.0,230.54280067675376
154,56 dias,400.0,360.5291081483093
155,12 h,0.0,-40.07096926271754
155,1 dia,40.0,14.264710253404587
155,3 dias,90.0,57.8664211236495
155,7 dias,430.0,102.767684590758
155,14 dias,540.0,98.86288126970899
155,28 dias,700.0,196.52090052689124
155,56 dias,910.0,321.8369390412559
156,12 h,0.0,-19.671087412996854
156,1 dia,50.0,29.773179051732313
156,3 dias,80.0,78.55743915525329
156,7 dias,120.0,127.56480828315856
156,14 dias,200.0,127.48238051598577
156,28 dias,280.0,227.02445888296734
156,56 dias,400.0,350.8952571543576
157,12 h,0.0,0.29565813659635864
157,1 dia,40.0,48.516124533188645
157,3 dias,90.0,99.23971673826301
157,7 dias,140.0,145.7948148174764
157,14 dias,190.0,131.74465372228696
157,28 dias,270.0,230.53774462515722
157,56 dias,400.0,360.52405209671275
158,12 h,0.0,21.6105080145947
158,1 dia,30.0,75.94618753071686
158,3 dias,80.0,119.54789840096177
158,7 dias,120.0,164.44916186807023
158,14 dias,190.0,160.54435854702126
158,28 dias,280.0,258.2023778042035
158,56 dias,400.0,383.51841631856814
159,12 h,0.0,-31.99741945134201
159,1 dia,30.0,17.446847013387185
159,3 dias,80.0,66.23110711690816
159,7 dias,120.0,115.23847624481346
159,14 dias,30.0,115.15604847764064
159,28 dias,110.0,214.6981268446222
159,56 dias,270.0,338.56892511601245
160,12 h,0.0,14.326997306295823
160,1 dia,30.0,62.54746370288808
160,3 dias,70.0,113.27105590796242
160,7 dias,130.0,159.82615398717584
160,14 dias,200.0,145.7759928919864
160,28 dias,280.0,244.56908379485665
160,56 dias,400.0,374.55539126641224
161,12 h,0.0,-28.031496357816422
161,1 dia,20.0,26.30418315830576
161,3 dias,80.0,69.90589402855065
161,7 dias,130.0,114.80715749565914
161,14 dias,30.0,110.90235417461014
161,28 dias,150.0,208.56037343179236
161,56 dias,270.0,333.876411946157
162,12 h,0.0,-5.023575211283941
162,1 dia,30.0,44.42069125344523
162,3 dias,70.0,93.20495135696623
162,7 dias,120.0,142.2123204848715
162,14 dias,200.0,142.12989271769868
162,28 dias,280.0,241.67197108468028
162,56 dias,400.0,365.5427693560705
163,12 h,0.0,-38.74028997958598
163,1 dia,50.0,9.480176417006277
163,3 dias,120.0,60.20376862208067
163,7 dias,160.0,106.75886670129407
163,14 dias,10.0,92.70870560610464
163,28 dias,110.0,191.50179650897488
163,56 dias,270.0,321.4881039805304
164,12 h,0.0,33.614092341602145
164,1 dia,130.0,87.94977185772431
164,3 dias,150.0,131.55148272796924
164,7 dias,190.0,176.4527461950777
164,14 dias,230.0,172.5479428740287
164,28 dias,270.0,270.2059621312109
164,56 dias,390.0,395.5220006455756
165,12 h,0.0,-38.34689634188214
165,1 dia,80.0,11.097370122847053
165,3 dias,160.0,59.88163022636803
165,7 dias,190.0,108.88899935427332
165,14 dias,50.0,108.80657158710049
165,28 dias,120.0,208.34864995408208
165,56 dias,260.0,332.2194482254723
166,12 h,0.0,52.5816525093625
166,1 dia,90.0,100.80211890595479
166,3 dias,120.0,151.52571111102912
166,7 dias,150.0,198.08080919024255
166,14 dias,180.0,184.0306480950531
166,28 dias,250.0,282.8237389979234
166,56 dias,390.0,412.81004646947895
167,12 h,0.0,-33.863922189341565
167,1 dia,40.0,20.47175732678062
167,3 dias,110.0,64.07346819702553
167,7 dias,150.0,108.97473166413401
167,14 dias,0.0,105.069928343085
167,28 dias,110.0,202.7279476002672
167,56 dias,260.0,328.0439861146319
168,12 h,0.0,9.127179106875246
168,1 dia,40.0,58.57144557160444
168,3 dias,80.0,107.35570567512542
168,7 dias,130.0,156.3630748030307
168,14 dias,170.0,156.2806470358579
168,28 dias,270.0,255.82272540283947
168,56 dias,390.0,379.6935236742297
169,12 h,0.0,-49.763486532433575
169,1 dia,50.0,-1.5430201358412603
169,3 dias,100.0,49.18057206923308
169,7 dias,160.0,95.7356701484465
169,14 dias,10.0,81.68550905325705
169,28 dias,100.0,180.4785999561273
169,56 dias,260.0,310.4649074276829
170,12 h,0.0,-21.387467845676895
170,1 dia,20.0,32.94821167044523
170,3 dias,50.0,76.54992254069016
170,7 dias,60.0,121.45118600779864
170,14 dias,120.0,117.54638268674962
170,28 dias,190.0,215.20440194393186
170,56 dias,250.0,340.5204404582965
171,12 h,0.0,-1.933264308523178
171,1 dia,90.0,47.51100215620599
171,3 dias,160.0,96.295262259727
171,7 dias,310.0,145.30263138763226
171,14 dias,300.0,145.22020362045947
171,28 dias,10.0,244.762281987441
171,56 dias,250.0,368.6330802588313
172,12 h,0.0,3.7369856660342577
172,1 dia,40.0,51.957452062626544
172,3 dias,80.0,102.68104426770088
172,7 dias,130.0,149.2361423469143
172,14 dias,190.0,135.18598125172485
172,28 dias,270.0,233.97907215459512
172,56 dias,390.0,363.96537962615065
173,12 h,0.0,41.50448140077134
173,1 dia,30.0,95.84016091689348
173,3 dias,80.0,139.44187178713838
173,7 dias,130.0,184.34313525424687
173,14 dias,190.0,180.43833193319784
173,28 dias,270.0,278.0963511903801
173,56 dias,380.0,403.4123897047447
174,12 h,0.0,31.420518996809392
174,1 dia,50.0,80.86478546153859
174,3 dias,90.0,129.64904556505957
174,7 dias,140.0,178.65641469296486
174,14 dias,190.0,178.57398692579204
174,28 dias,250.0,278.11606529277367
174,56 dias,380.0,401.98686356416385
175,12 h,0.0,14.379991393397034
175,1 dia,40.0,62.60045778998935
175,3 dias,70.0,113.32404999506366
175,7 dias,100.0,159.87914807427708
175,14 dias,50.0,145.82898697908763
175,28 dias,140.0,244.6220778819579
175,56 dias,250.0,374.6083853535134
176,12 h,0.0,23.846057409279126
176,1 dia,50.0,78.18173692540131
176,3 dias,90.0,121.78344779564621
176,7 dias,130.0,166.6847112627547
176,14 dias,190.0,162.7799079417057
176,28 dias,270.0,260.4379271988879
176,56 dias,380.0,385.75396571325257
177,12 h,0.0,-17.065167919885425
177,1 dia,0.0,32.37909854484377
177,3 dias,20.0,81.16335864836475
177,7 dias,50.0,130.17072777627004
177,14 dias,110.0,130.08830000909722
177,28 dias,270.0,229.6303783760788
177,56 dias,360.0,353.50117664746904
178,12 h,0.0,-32.26029639847221
178,1 dia,30.0,15.960169998120051
178,3 dias,80.0,66.68376220319439
178,7 dias,150.0,113.23886028240784
178,14 dias,40.0,99.18869918721839
178,28 dias,110.0,197.98179009008862
178,56 dias,250.0,327.9680975616442
179,12 h,0.0,-15.93789571198434
179,1 dia,100.0,38.397783804137816
179,3 dias,160.0,81.99949467438275
179,7 dias,190.0,126.90075814149121
179,14 dias,70.0,122.99595482044221
179,28 dias,130.0,220.65397407762444
179,56 dias,240.0,345.9700125919891
180,12 h,0.0,-7.897415596275948
180,1 dia,50.0,41.54685086845319
180,3 dias,120.0,90.3311109719742
180,7 dias,70.0,139.3384800998795
180,14 dias,50.0,139.25605233270667
180,28 dias,160.0,238.79813069968824
180,56 dias,230.0,362.66892897107846
181,12 h,0.0,-21.80204181688069
181,1 dia,50.0,26.418424579711598
181,3 dias,110.0,77.14201678478591
181,7 dias,140.0,123.69711486399936
181,14 dias,50.0,109.64695376880992
181,28 dias,140.0,208.44004467168014
181,56 dias,230.0,338.4263521432357
182,12 h,0.0,-33.99369952589012
182,1 dia,50.0,20.341979990232005
182,3 dias,80.0,63.94369086047692
182,7 dias,100.0,108.84495432758538
182,14 dias,50.0,104.9401510065364
182,28 dias,120.0,202.5981702637186
182,56 dias,230.0,327.9142087780833
183,12 h,0.0,-66.50797887058638
183,1 dia,40.0,-17.06371240585719
183,3 dias,70.0,31.72054769766379
183,7 dias,110.0,80.72791682556908
183,14 dias,30.0,80.6454890583963
183,28 dias,110.0,180.18756742537784
183,56 dias,230.0,304.0583656967681
184,12 h,0.0,-28.981153053811653
184,1 dia,50.0,19.239313342780633
184,3 dias,120.0,69.96290554785494
184,7 dias,160.0,116.5180036270684
184,14 dias,10.0,102.46784253187894
184,28 dias,80.0,201.2609334347492
184,56 dias,220.0,331.24724090630474
185,12 h,0.0,-19.299492901563838
185,1 dia,60.0,35.03618661455832
185,3 dias,90.0,78.63789748480322
185,7 dias,130.0,123.5391609519117
185,14 dias,20.0,119.6343576308627
185,28 dias,110.0,217.2923768880449
185,56 dias,220.0,342.6084154024096
186,12 h,0.0,10.127643904755416
186,1 dia,40.0,59.571910369484584
186,3 dias,80.0,108.35617047300559
186,7 dias,120.0,157.36353960091088
186,14 dias,180.0,157.28111183373807
186,28 dias,260.0,256.82319020071964
186,56 dias,380.0,380.6939884721099
187,12 h,0.0,-9.443526982332116
187,1 dia,30.0,38.77693941426017
187,3 dias,80.0,89.50053161933451
187,7 dias,120.0,136.05562969854793
187,14 dias,30.0,122.00546860335848
187,28 dias,120.0,220.79855950622874
187,56 dias,210.0,350.7848669777843
188,12 h,0.0,-54.81261938940827
188,1 dia,30.0,-0.476939873286085
188,3 dias,40.0,43.12477099695877
188,7 dias,60.0,88.02603446406731
188,14 dias,40.0,84.12123114301824
188,28 dias,90.0,181.7792504002005
188,56 dias,200.0,307.09528891456523
189,12 h,0.0,20.56592027517337
189,1 dia,10.0,70.01018673990254
189,3 dias,40.0,118.79444684342357
189,7 dias,70.0,167.80181597132884
189,14 dias,90.0,167.71938820415602
189,28 dias,240.0,267.2614665711376
189,56 dias,380.0,391.1322648425278
190,12 h,0.0,1.8840159760181905
190,1 dia,20.0,50.10448237261048
190,3 dias,60.0,100.82807457768482
190,7 dias,80.0,147.38317265689824
190,14 dias,160.0,133.3330115617088
190,28 dias,250.0,232.12610246457905
190,56 dias,350.0,362.11240993613455
191,12 h,0.0,23.064651638765724
191,1 dia,20.0,77.40033115488788
191,3 dias,60.0,121.00204202513278
191,7 dias,90.0,165.90330549224126
191,14 dias,30.0,161.99850217119223
191,28 dias,110.0,259.65652142837445
191,56 dias,250.0,384.97255994273917
192,12 h,0.0,12.529865988988831
192,1 dia,220.0,61.97413245371797
192,3 dias,420.0,110.75839255723896
192,7 dias,620.0,159.76576168514424
192,14 dias,440.0,159.68333391797142
192,28 dias,270.0,259.225412284953
192,56 dias,140.0,383.09621055634324
193,12 h,0.0,18.554974262011115
193,1 dia,160.0,66.7754406586034
193,3 dias,380.0,117.49903286367774
193,7 dias,760.0,164.05413094289116
193,14 dias,610.0,150.0039698477017
193,28 dias,370.0,248.79706075057197
193,56 dias,70.0,378.78336822212754
194,12 h,0.0,3.2438564173311306
194,1 dia,220.0,57.579535933453286
194,3 dias,700.0,101.18124680369819
194,7 dias,910.0,146.08251027080667
194,14 dias,720.0,142.17770694975763
194,28 dias,430.0,239.83572620693985
194,56 dias,120.0,365.1517647213045
195,12 h,0.0,-32.95629574296146
195,1 dia,0.0,16.48797072176771
195,3 dias,130.0,65.27223082528872
195,7 dias,140.0,114.27959995319401
195,14 dias,30.0,114.19717218602118
195,28 dias,100.0,213.73925055300276
195,56 dias,230.0,337.61004882439295
196,12 h,0.0,-57.60549001823503
196,1 dia,30.0,-9.385023621642802
196,3 dias,40.0,41.338568583431595
196,7 dias,60.0,87.89366666264502
196,14 dias,40.0,73.84350556745557
196,28 dias,90.0,172.63659647032583
196,56 dias,200.0,302.62290394188136
197,12 h,0.0,-42.863301293623124
197,1 dia,0.0,11.472378222499003
197,3 dias,70.0,55.07408909274392
197,7 dias,80.0,99.97535255985242
197,14 dias,80.0,96.07054923880344
197,28 dias,150.0,193.72856849598566
197,56 dias,220.0,319.0446070103503
198,12 h,0.0,-64.18089004802107
198,1 dia,0.0,-14.73662358329193
198,3 dias,160.0,34.04763652022908
198,7 dias,180.0,83.05500564813434
198,14 dias,40.0,82.97257788096152
198,28 dias,60.0,182.5146562479431
198,56 dias,130.0,306.3854545193333
199,12 h,0.0,88.49831609019103
199,1 dia,130.0,136.71878248678328
199,3 dias,80.0,187.44237469185762
199,7 dias,30.0,233.99747277107105
199,14 dias,40.0,219.9473116758816
199,28 dias,150.0,318.74040257875185
199,56 dias,200.0,448.72671005030736
200,12 h,0.0,-91.55750787659241
200,1 dia,0.0,-37.22182836047023
200,3 dias,200.0,6.3798825097746885
200,7 dias,230.0,51.281145976883124
200,14 dias,100.0,47.37634265583415
200,28 dias,20.0,145.03436191301637
200,56 dias,80.0,270.350400427381
201,12 h,0.0,7.848718041270388
201,1 dia,90.0,57.29298450599961
201,3 dias,150.0,106.0772446095206
201,7 dias,210.0,155.0846137374259
201,14 dias,40.0,155.0021859702531
201,28 dias,90.0,254.5442643372347
201,56 dias,140.0,378.4150626086249
202,12 h,0.0,-20.563909941954734
202,1 dia,10.0,27.656556454637524
202,3 dias,30.0,78.38014865971186
202,7 dias,70.0,124.93524673892529
202,14 dias,80.0,110.88508564373583
202,28 dias,230.0,209.6781765466061
202,56 dias,350.0,339.66448401816166
203,12 h,0.0,-90.31674636928608
203,1 dia,0.0,-35.981066853163924
203,3 dias,230.0,7.620644017080963
203,7 dias,260.0,52.521907484189455
203,14 dias,150.0,48.617104163140425
203,28 dias,40.0,146.27512342032267
203,56 dias,20.0,271.59116193468736
204,12 h,0.0,19.87607156810924
204,1 dia,340.0,69.32033803283844
204,3 dias,310.0,118.10459813635943
204,7 dias,310.0,167.1119672642647
204,14 dias,250.0,167.0295394970919
204,28 dias,140.0,266.57161786407346
204,56 dias,110.0,390.4424161354637
205,12 h,0.0,45.23021416540476
205,1 dia,410.0,93.45068056199702
205,3 dias,400.0,144.17427276707136
205,7 dias,400.0,190.72937084628478
205,14 dias,370.0,176.67920975109533
205,28 dias,230.0,275.4723006539656
205,56 dias,210.0,405.4586081255211
206,12 h,20.0,-13.016584920048558
206,1 dia,0.0,41.3190945960736
206,3 dias,100.0,84.92080546631851
206,7 dias,30.0,129.82206893342698
206,14 dias,150.0,125.91726561237796
